ChannelName,FrequencyMHz,Category
VCALL10 D,155.75250,VHF Interop
VTAC11 D,151.13750,VHF Interop
VTAC12 D,154.45250,VHF Interop
VTAC13 D,158.7375,VHF Interop
VTAC14 D,159.47250,VHF Interop
VTAC17 R,161.85000,VHF Interop
VTAC17 D,161.85000,VHF Interop
VTAC33 R,159.47250,VHF Interop
VTAC34 R,158.73750,VHF Interop
VTAC35 R,159.4725,VHF Interop
VTAC36 R,151.13750,VHF Interop
VTAC37 R,154.45250,VHF Interop
VTAC38 R,158.73750,VHF Interop
VFIRE21 D,154.28000,VHF Discipline Interop
VFIRE22 D,154.26500,VHF Discipline Interop
VFIRE23 D,154.29500,VHF Discipline Interop
VFIRE24 D,154.27250,VHF Discipline Interop
VFIRE25 D,154.28750,VHF Discipline Interop
VFIRE26 D,154.30250,VHF Discipline Interop
VMED28 D,155.34000,VHF Discipline Interop
VMED29 D,155.34750,VHF Discipline Interop
VLAW31 D,155.47500,VHF Discipline Interop
VLAW32 D,155.48250,VHF Discipline Interop
VSAR16,155.1600,VHF Discipline Interop
LE A D,167.08750,VHF Fed LE
LE 1 D,167.08750,VHF Fed LE
LE 2 R,167.25000,VHF Fed LE
LE 3 R,167.75000,VHF Fed LE
LE 4 R,168.11250,VHF Fed LE
LE 5 D,168.46250,VHF Fed LE
LE 6 D,167.25000,VHF Fed LE
LE 7 D,167.75000,VHF Fed LE
LE 8 D,168.11250,VHF Fed LE
LE 9 D,168.46250,VHF Fed LE
NC 1 R,169.53750,VHF Fed IR
IR 1 R,170.01250,VHF Fed IR
IR 2 R,170.41250,VHF Fed IR
IR 3 R,170.68750,VHF Fed IR
IR 4 R,173.03750,VHF Fed IR
IR 5 D,169.53750,VHF Fed IR
IR 6 D,170.01250,VHF Fed IR
IR 7 D,170.41250,VHF Fed IR
IR 8 D,170.68750,VHF Fed IR
IR 9 D,173.03750,VHF Fed IR
VAIO 1,150.9800,VHF Virginia
VAIO 2,150.9800,VHF Virginia
VAIO 3,154.5850,VHF Virginia
VAIO 4,159.4800,VHF Virginia
VAIO 5,159.4800,VHF Virginia
VAIO 6,158.4450,VHF Virginia
VAIO 7,154.2650,VHF Virginia
VAIO 8,154.2800,VHF Virginia
VAIO 9,154.2950,VHF Virginia
VAIO 10,155.2050,VHF Virginia
VAIO 11,155.2800,VHF Virginia
VAIO 12,155.3400,VHF Virginia
VAIO 13,155.4000,VHF Virginia
VAIO 14,155.8950,VHF Virginia
VAIO 15,155.8950,VHF Virginia
VAIO 16,155.8200,VHF Virginia
VAIO 17,155.8200,VHF Virginia
VAIO 21,150.9800,VHF Virginia
VAIO 22,150.9800,VHF Virginia
VAIO 23,154.5850,VHF Virginia
VAIO 24,159.4800,VHF Virginia
VAIO 25,159.4800,VHF Virginia
VAIO 26,158.4450,VHF Virginia
VAIO 27,154.2650,VHF Virginia
VAIO 28,154.2800,VHF Virginia
VAIO 29,154.2950,VHF Virginia
VAIO 30,155.2050,VHF Virginia
VAIO 31,155.2800,VHF Virginia
VAIO 32,155.3400,VHF Virginia
VAIO 33,155.4000,VHF Virginia
VAIO 34,155.8950,VHF Virginia
VAIO 35,155.8950,VHF Virginia
VAIO 36,155.8200,VHF Virginia
VAIO 37,155.8200,VHF Virginia
UCALL40 R,453.21250,UHF Interop
UCALL41 R,453.46250,UHF Interop
UTAC42 R,453.71250,UHF Interop
UTAC43 R,453.86250,UHF Interop
NC2 CALL,410.23750,UHF Fed IR
IR 10,410.43750,UHF Fed IR
IR 11,410.63750,UHF Fed IR
IR 12,410.83750,UHF Fed IR
IR 13,413.18750,UHF Fed IR
IR 14,413.21250,UHF Fed IR
IR 15,410.23750,UHF Fed IR
IR 16,410.43750,UHF Fed IR
IR 17,410.63750,UHF Fed IR
IR 18,410.83750,UHF Fed IR
LE B,414.03750,UHF Fed LE
LE 10,409.98750,UHF Fed LE
LE 11,410.18750,UHF Fed LE
LE 12,410.61250,UHF Fed LE
LE 13,414.06250,UHF Fed LE
LE 14,414.31250,UHF Fed LE
LE 15,414.33750,UHF Fed LE
LE 16,409.98750,UHF Fed LE
LE 17,410.18750,UHF Fed LE
LE 18,410.61250,UHF Fed LE
MED 1 R,463.00000,UHF MED
MED 2 R,463.02500,UHF MED
MED 3 R,463.05000,UHF MED
MED 4 R,463.07500,UHF MED
MED 5 R,463.10000,UHF MED
MED 6 R,463.12500,UHF MED
MED 7 R,463.15000,UHF MED
MED 8 R,463.17500,UHF MED
MED 9 R,462.95000,UHF MED
MED 10 R,462.97500,UHF MED
MED 12 R,463.01250,UHF MED
MED 22 R,463.03750,UHF MED
MED 32 R,463.06250,UHF MED
MED 42 R,463.08750,UHF MED
MED 52 R,463.11250,UHF MED
MED 62 R,463.13750,UHF MED
MED 72 R,463.16250,UHF MED
MED 82 R,463.18750,UHF MED
MED 92 R,462.96250,UHF MED
MED 102 R,462.98750,UHF MED
7CALL50 R,769.24375,700 Interop
7TAC51 R,769.14375,700 Interop
7TAC52 R,769.64375,700 Interop
7TAC53 R,770.14375,700 Interop
7TAC54 R,770.64375,700 Interop
7TAC55 R,769.74375,700 Interop
7TAC56 R,770.24375,700 Interop
7TAC57 R,770.99375,700 Interop
7CALL70 R,773.25625,700 Interop
7TAC71 R,773.10625,700 Interop
7TAC72 R,773.60625,700 Interop
7TAC73 R,774.10625,700 Interop
7TAC74 R,774.60625,700 Interop
7TAC76 R,774.25625,700 Interop
7TAC77 R,774.85625,700 Interop
7LAW62 R,770.49375,700 Discipline Interop
7LAW81 R,774.00625,700 Discipline Interop
7LAW82 R,774.35625,700 Discipline Interop
7MOB59 R,770.89375,700 Discipline Interop
7GTC57 R,770.99375,700 Discipline Interop
7GTC77 R,774.85625,700 Discipline Interop
7FIRE63 R,769.89375,700 Discipline Interop
7FIRE64 R,769.99375,700 Discipline Interop
7MED65 R,769.39375,700 Discipline Interop
7MED66 R,769.49375,700 Discipline Interop
7FIRE83 R,773.50625,700 Discipline Interop
7FIRE84 R,773.85625,700 Discipline Interop
7MED86 R,773.00625,700 Discipline Interop
7MED87 R,773.35625,700 Discipline Interop
7AG60 R,769.63125,700 Discipline Interop
7AG67 R,770.13125,700 Discipline Interop
7AG68 R,770.63125,700 Discipline Interop
7AG78 R,773.11875,700 Discipline Interop
7AG80 R,773.61875,700 Discipline Interop
7AG85 R,774.11875,700 Discipline Interop
7AG88 R,774.61875,700 Discipline Interop
VAIO 71,774.53125,700 Virginia
VAIO 72,774.53125,700 Virginia
VAIO 73,774.84375,700 Virginia
VAIO 74,774.84375,700 Virginia
VAIO 75,770.18125,700 Virginia
8CALL90 R,851.01250,800 Interop
8TAC91 R,851.51250,800 Interop
8TAC92 R,852.01250,800 Interop
8TAC93 R,852.51250,800 Interop
8TAC94 R,853.01250,800 Interop
DTS A,769.23125,Deployable Trunking 700
DTS B,769.38125,Deployable Trunking 700
DTS C,769.73125,Deployable Trunking 700
DTS D,769.88125,Deployable Trunking 700
DTS E (Cntrl1),774.51875,Deployable Trunking 700
DTS F (Cntrl2),774.86875,Deployable Trunking 700
